JobDescription,Response
AI Engineer,"{'job_title': 'AI Engineer', 'professional_summary': 'Experienced AI engineer with a strong background in machine learning and deep learning algorithms. Skilled in developing and implementing AI solutions for various industries. Proven track record of delivering high-quality projects on time and within budget.', 'employment_history': [{'job_title': 'AI Engineer', 'employer': 'ABC Tech', 'start_date': '01-01-2018', 'end_date': '31-12-2020', 'city': 'New York', 'description': 'Developed and implemented machine learning models for predictive analytics in the healthcare industry. Collaborated with cross-functional teams to deliver successful projects.'}, {'job_title': 'Data Scientist', 'employer': 'XYZ Solutions', 'start_date': '01-01-2016', 'end_date': '31-12-2017', 'city': 'San Francisco', 'description': 'Utilized deep learning techniques to build and deploy natural language processing models for sentiment analysis. Conducted data analysis and provided insights to improve business strategies.'}], 'education': [{'university_name': 'Stanford University', 'degree_title': 'Master of Science in Artificial Intelligence', 'cgpa': '4.0', 'start_date': '01-09-2014', 'completion_date': '31-05-2016'}, {'university_name': 'Massachusetts Institute of Technology', 'degree_title': 'Bachelor of Science in Computer Science', 'cgpa': '3.8', 'start_date': '01-09-2010', 'completion_date': '31-05-2014'}], 'skills': ['Machine Learning', 'Deep Learning', 'Natural Language Processing', 'Python', 'Data Analysis'], 'interests': ['Travel', 'Hiking', 'Photography', 'Cooking']}"
Andriod Developer having 5 years experince,"{'job_title': 'Android Developer', 'professional_summary': 'Highly skilled and experienced Android Developer with 5 years of experience in developing innovative and user-friendly mobile applications. Proven track record of delivering high-quality projects within tight deadlines.', 'employment_history': [{'job_title': 'Android Developer', 'employer': 'XYZ Technologies', 'start_date': '01-01-2016', 'end_date': '31-12-2020', 'city': 'New York', 'description': 'Developed and maintained multiple Android applications for clients in various industries. Collaborated with cross-functional teams to deliver projects on time and within budget.'}, {'job_title': 'Android Developer', 'employer': 'ABC Solutions', 'start_date': '01-01-2021', 'end_date': 'Present', 'city': 'San Francisco', 'description': 'Lead the development of a highly successful Android application with over 1 million downloads. Implemented new features and updates based on user feedback and market trends.'}], 'education': [{'university_name': 'University of California, Berkeley', 'degree_title': 'Bachelor of Science in Computer Science', 'cgpa': '3.8', 'start_date': '01-09-2012', 'completion_date': '31-05-2016'}, {'university_name': 'Stanford University', 'degree_title': 'Master of Science in Mobile Application Development', 'cgpa': '4.0', 'start_date': '01-09-2016', 'completion_date': '31-05-2018'}], 'skills': ['Java', 'Android Studio', 'UI/UX Design', 'Agile Methodology', 'Firebase'], 'interests': ['Traveling', 'Photography', 'Hiking', 'Cooking']}"
HR Manager with 3 years of experience,"{'job_title': 'HR Manager', 'professional_summary': 'Experienced HR Manager with 3 years of experience in managing and developing human resources strategies, policies, and procedures. Proven track record of successfully recruiting and retaining top talent, improving employee satisfaction, and driving organizational growth.', 'employment_history': [{'job_title': 'HR Manager', 'employer': 'ABC Company', 'start_date': '01-01-2018', 'end_date': '31-12-2020', 'city': 'New York', 'description': 'Managed all aspects of HR operations, including recruitment, onboarding, performance management, employee relations, and compliance. Developed and implemented HR policies and procedures to ensure legal compliance and promote a positive work culture.'}, {'job_title': 'HR Coordinator', 'employer': 'XYZ Corporation', 'start_date': '01-01-2017', 'end_date': '31-12-2018', 'city': 'Los Angeles', 'description': 'Assisted in the recruitment process, conducted new hire orientations, and maintained employee records. Coordinated employee training and development programs and provided support for performance evaluations.'}], 'education': [{'university_name': 'University of California, Los Angeles', 'degree_title': 'Master of Business Administration', 'cgpa': '3.8', 'start_date': '01-09-2015', 'completion_date': '31-05-2017'}, {'university_name': 'University of Southern California', 'degree_title': 'Bachelor of Science in Human Resources Management', 'cgpa': '3.9', 'start_date': '01-09-2011', 'completion_date': '31-05-2015'}], 'skills': ['Recruitment', 'Employee Relations', 'Performance Management', 'HR Policies and Procedures', 'Training and Development'], 'interests': ['Traveling', 'Photography', 'Hiking', 'Cooking']}"
"AI DEveeloper with 3 year exp
","{'job_title': 'AI developer', 'professional_summary': 'Experienced AI developer with 3 years of experience in developing and implementing cutting-edge AI solutions. Skilled in machine learning, natural language processing, and deep learning.', 'employment_history': [{'job_title': 'AI Developer', 'employer': 'ABC Tech', 'start_date': '01-01-2018', 'end_date': '31-12-2020', 'city': 'New York', 'description': 'Developed and implemented AI solutions for various clients, utilizing machine learning and natural language processing techniques. Collaborated with cross-functional teams to deliver high-quality products.'}, {'job_title': 'AI Engineer', 'employer': 'XYZ Solutions', 'start_date': '01-01-2017', 'end_date': '31-12-2018', 'city': 'San Francisco', 'description': 'Worked on developing and optimizing deep learning models for image recognition and natural language processing tasks. Conducted research and implemented new algorithms to improve model performance.'}], 'education': [{'university_name': 'Stanford University', 'degree_title': 'Master of Science in Artificial Intelligence', 'cgpa': '3.8', 'start_date': '01-09-2015', 'completion_date': '31-05-2017'}, {'university_name': 'Massachusetts Institute of Technology', 'degree_title': 'Bachelor of Science in Computer Science', 'cgpa': '3.9', 'start_date': '01-09-2011', 'completion_date': '31-05-2015'}], 'skills': ['Machine Learning', 'Natural Language Processing', 'Deep Learning', 'Python', 'TensorFlow'], 'interests': ['Reading', 'Hiking', 'Cooking', 'Photography']}"
"AI DEveeloper with 3 year exp
","{'job_title': 'AI developer', 'professional_summary': 'Experienced AI developer with 3 years of experience in developing and implementing cutting-edge AI solutions. Skilled in machine learning, natural language processing, and deep learning.', 'employment_history': [{'job_title': 'AI Developer', 'employer': 'ABC Tech', 'start_date': '01-01-2018', 'end_date': '31-12-2020', 'city': 'New York', 'description': 'Developed and implemented AI solutions for various clients, utilizing machine learning and natural language processing techniques. Collaborated with cross-functional teams to deliver high-quality products.'}, {'job_title': 'AI Engineer', 'employer': 'XYZ Solutions', 'start_date': '01-01-2017', 'end_date': '31-12-2018', 'city': 'San Francisco', 'description': 'Worked on developing and optimizing deep learning models for image recognition and natural language processing tasks. Conducted research and implemented new algorithms to improve model performance.'}], 'education': [{'university_name': 'Stanford University', 'degree_title': 'Master of Science in Artificial Intelligence', 'cgpa': '3.8', 'start_date': '01-09-2015', 'completion_date': '31-05-2017'}, {'university_name': 'Massachusetts Institute of Technology', 'degree_title': 'Bachelor of Science in Computer Science', 'cgpa': '3.9', 'start_date': '01-09-2011', 'completion_date': '31-05-2015'}], 'skills': ['Machine Learning', 'Natural Language Processing', 'Deep Learning', 'Python', 'TensorFlow'], 'interests': ['Reading', 'Hiking', 'Cooking', 'Photography']}"
"AI DEveeloper with 3 year exp
","{'job_title': 'AI developer', 'professional_summary': 'Experienced AI developer with 3 years of experience in developing and implementing cutting-edge AI solutions. Skilled in machine learning, natural language processing, and deep learning.', 'employment_history': [{'job_title': 'AI Developer', 'employer': 'ABC Tech', 'start_date': '01-01-2018', 'end_date': '31-12-2020', 'city': 'New York', 'description': 'Developed and implemented AI solutions for various clients, utilizing machine learning and natural language processing techniques. Collaborated with cross-functional teams to deliver high-quality products.'}, {'job_title': 'AI Engineer', 'employer': 'XYZ Solutions', 'start_date': '01-01-2017', 'end_date': '31-12-2018', 'city': 'San Francisco', 'description': 'Designed and developed AI algorithms and models for predictive analytics and data mining. Worked closely with data scientists and software engineers to integrate AI solutions into existing systems.'}], 'education': [{'university_name': 'Stanford University', 'degree_title': 'Master of Science in Artificial Intelligence', 'cgpa': '3.8', 'start_date': '01-09-2015', 'completion_date': '31-05-2017'}, {'university_name': 'Massachusetts Institute of Technology', 'degree_title': 'Bachelor of Science in Computer Science', 'cgpa': '3.9', 'start_date': '01-09-2011', 'completion_date': '31-05-2015'}], 'skills': ['Machine Learning', 'Natural Language Processing', 'Deep Learning', 'Python', 'Java'], 'interests': ['Reading', 'Hiking', 'Cooking', 'Photography']}"
"AI DEveeloper with 3 year exp
","{'job_title': 'AI developer', 'professional_summary': 'Experienced AI developer with 3 years of experience in developing and implementing cutting-edge AI solutions. Skilled in machine learning, natural language processing, and deep learning.', 'employment_history': [{'job_title': 'AI Developer', 'employer': 'ABC Tech', 'start_date': '01-01-2018', 'end_date': '31-12-2020', 'city': 'New York', 'description': 'Developed and implemented AI solutions for various clients, utilizing machine learning and natural language processing techniques. Collaborated with cross-functional teams to deliver high-quality products.'}, {'job_title': 'AI Engineer', 'employer': 'XYZ Solutions', 'start_date': '01-01-2017', 'end_date': '31-12-2018', 'city': 'San Francisco', 'description': 'Designed and developed AI algorithms and models for predictive analytics and data mining. Worked closely with data scientists and software engineers to integrate AI solutions into existing systems.'}], 'education': [{'university_name': 'Stanford University', 'degree_title': 'Master of Science in Artificial Intelligence', 'cgpa': '3.8', 'start_date': '01-09-2015', 'completion_date': '31-05-2017'}, {'university_name': 'Massachusetts Institute of Technology', 'degree_title': 'Bachelor of Science in Computer Science', 'cgpa': '3.9', 'start_date': '01-09-2011', 'completion_date': '31-05-2015'}], 'skills': ['Machine Learning', 'Natural Language Processing', 'Deep Learning', 'Python', 'Java'], 'interests': ['Reading', 'Hiking', 'Cooking', 'Photography']}"
"AI DEveeloper with 3 year exp
","{'job_title': 'AI developer', 'professional_summary': 'Experienced AI developer with 3 years of experience in developing and implementing cutting-edge AI solutions. Skilled in machine learning, natural language processing, and deep learning.', 'employment_history': [{'job_title': 'AI Developer', 'employer': 'ABC Tech', 'start_date': '01-01-2018', 'end_date': '31-12-2020', 'city': 'New York', 'description': 'Developed and implemented AI solutions for various clients, utilizing machine learning and natural language processing techniques. Collaborated with cross-functional teams to deliver high-quality products.'}, {'job_title': 'AI Engineer', 'employer': 'XYZ Solutions', 'start_date': '01-01-2017', 'end_date': '31-12-2018', 'city': 'San Francisco', 'description': 'Designed and developed AI algorithms and models for predictive analytics and data mining. Worked closely with data scientists and software engineers to integrate AI solutions into existing systems.'}], 'education': [{'university_name': 'Stanford University', 'degree_title': 'Master of Science in Artificial Intelligence', 'cgpa': '3.8', 'start_date': '01-09-2015', 'completion_date': '31-05-2017'}, {'university_name': 'Massachusetts Institute of Technology', 'degree_title': 'Bachelor of Science in Computer Science', 'cgpa': '3.9', 'start_date': '01-09-2011', 'completion_date': '31-05-2015'}], 'skills': ['Machine Learning', 'Natural Language Processing', 'Deep Learning', 'Python', 'Java'], 'interests': ['Reading', 'Hiking', 'Cooking', 'Photography']}"
AI DEveeloper with 3 year exp,"{'job_title': 'AI developer', 'professional_summary': 'Experienced AI developer with 3 years of experience in developing and implementing AI solutions for various industries. Skilled in machine learning, natural language processing, and deep learning.', 'employment_history': [{'job_title': 'AI Developer', 'employer': 'ABC Company', 'start_date': '01-01-2018', 'end_date': '31-12-2020', 'city': 'New York', 'description': 'Developed and implemented AI solutions for clients in the healthcare and finance industries. Utilized machine learning algorithms to improve data analysis and decision making processes.'}, {'job_title': 'AI Engineer', 'employer': 'XYZ Corporation', 'start_date': '01-01-2017', 'end_date': '31-12-2017', 'city': 'San Francisco', 'description': 'Worked on a team to develop a chatbot using natural language processing for a retail client. Improved customer service and increased sales by 20%.'}], 'education': [{'university_name': 'University of California, Berkeley', 'degree_title': 'Master of Science in Artificial Intelligence', 'cgpa': '3.8', 'start_date': '01-09-2015', 'completion_date': '31-05-2017'}, {'university_name': 'Stanford University', 'degree_title': 'Bachelor of Science in Computer Science', 'cgpa': '3.9', 'start_date': '01-09-2011', 'completion_date': '31-05-2015'}], 'skills': ['Machine Learning', 'Natural Language Processing', 'Deep Learning', 'Python', 'Data Analysis'], 'interests': ['Hiking', 'Photography', 'Cooking', 'Traveling']}"
Ai Developer with 5 years of experience,"{'job_title': 'AI Developer', 'professional_summary': 'Highly skilled AI Developer with 5 years of experience in developing cutting-edge AI solutions for various industries. Proven track record of delivering innovative and efficient solutions to complex problems.', 'employment_history': [{'job_title': 'AI Developer', 'employer': 'Tech Solutions Inc.', 'start_date': '01-01-2016', 'end_date': '31-12-2020', 'city': 'New York', 'description': 'Developed AI algorithms and models for various clients in industries such as healthcare, finance, and retail. Collaborated with cross-functional teams to deliver successful projects.'}, {'job_title': 'AI Engineer', 'employer': 'Innovative AI Co.', 'start_date': '01-01-2015', 'end_date': '31-12-2015', 'city': 'San Francisco', 'description': 'Assisted in the development and implementation of AI solutions for clients in the tech industry. Conducted research and analysis to improve existing AI models.'}], 'education': [{'university_name': 'Stanford University', 'degree_title': 'Master of Science in Artificial Intelligence', 'cgpa': '4.0', 'start_date': '01-09-2013', 'completion_date': '31-05-2015'}, {'university_name': 'Massachusetts Institute of Technology', 'degree_title': 'Bachelor of Science in Computer Science', 'cgpa': '3.8', 'start_date': '01-09-2009', 'completion_date': '31-05-2013'}], 'skills': ['Machine Learning', 'Natural Language Processing', 'Deep Learning', 'Python', 'Data Analysis'], 'interests': ['Chess', 'Hiking', 'Photography', 'Cooking']}"
andriod developer with 3 years of exp,"{'job_title': 'Android Developer', 'professional_summary': 'Highly skilled and experienced Android Developer with 3 years of experience in developing innovative and user-friendly mobile applications. Proven track record of delivering high-quality projects within tight deadlines.', 'employment_history': [{'job_title': 'Android Developer', 'employer': 'ABC Technologies', 'start_date': '01-01-2018', 'end_date': '31-12-2020', 'city': 'New York', 'description': 'Developed and maintained multiple Android applications for clients in various industries. Collaborated with cross-functional teams to deliver projects on time and within budget.'}, {'job_title': 'Android Developer', 'employer': 'XYZ Solutions', 'start_date': '01-01-2017', 'end_date': '31-12-2017', 'city': 'San Francisco', 'description': 'Worked on the development of a highly successful Android application with over 1 million downloads. Implemented new features and fixed bugs to improve user experience.'}], 'education': [{'university_name': 'University of California', 'degree_title': 'Bachelor of Science in Computer Science', 'cgpa': '3.8', 'start_date': '01-09-2013', 'completion_date': '31-05-2017'}, {'university_name': 'Stanford University', 'degree_title': 'Master of Science in Mobile Application Development', 'cgpa': '4.0', 'start_date': '01-09-2017', 'completion_date': '31-05-2019'}], 'skills': ['Java', 'Android Studio', 'XML', 'Firebase', 'Agile Methodology'], 'interests': ['Travel', 'Photography', 'Hiking', 'Cooking']}"
andriod developer with 3 years of exp,"{'job_title': 'Android Developer', 'professional_summary': 'Highly skilled and experienced Android Developer with 3 years of experience in developing innovative and user-friendly mobile applications. Proven track record of delivering high-quality projects within tight deadlines.', 'employment_history': [{'job_title': 'Android Developer', 'employer': 'ABC Technologies', 'start_date': '01-01-2018', 'end_date': '31-12-2020', 'city': 'New York', 'description': 'Developed and maintained multiple Android applications for clients in various industries. Collaborated with cross-functional teams to deliver projects on time and within budget.'}, {'job_title': 'Android Developer', 'employer': 'XYZ Solutions', 'start_date': '01-01-2017', 'end_date': '31-12-2017', 'city': 'San Francisco', 'description': 'Worked on the development of a highly successful Android application with over 1 million downloads. Implemented new features and fixed bugs to improve user experience.'}], 'education': [{'university_name': 'University of California', 'degree_title': 'Bachelor of Science in Computer Science', 'cgpa': '3.8', 'start_date': '01-09-2013', 'completion_date': '31-05-2017'}, {'university_name': 'Stanford University', 'degree_title': 'Master of Science in Mobile Application Development', 'cgpa': '4.0', 'start_date': '01-09-2017', 'completion_date': '31-05-2019'}], 'skills': ['Java', 'Android Studio', 'XML', 'Firebase', 'Agile Methodology'], 'interests': ['Travel', 'Photography', 'Hiking', 'Cooking']}"
AI Devloper having 5 year of experience in ai field,"{'job_title': 'AI Developer', 'professional_summary': 'Experienced AI Developer with 5 years of experience in the field. Skilled in developing and implementing AI solutions for various industries.', 'employment_history': [{'job_title': 'AI Developer', 'employer': 'ABC Company', 'start_date': '01-01-2016', 'end_date': '31-12-2020', 'city': 'New York', 'description': 'Developed and implemented AI solutions for clients in various industries, including healthcare and finance.'}, {'job_title': 'AI Engineer', 'employer': 'XYZ Corporation', 'start_date': '01-01-2021', 'end_date': 'present', 'city': 'San Francisco', 'description': 'Responsible for designing and developing AI algorithms and models for client projects. Collaborated with cross-functional teams to deliver successful AI solutions.'}], 'education': [{'university_name': 'University of California, Berkeley', 'degree_title': 'Master of Science in Artificial Intelligence', 'cgpa': '3.8', 'start_date': '01-09-2014', 'completion_date': '31-05-2016'}, {'university_name': 'Stanford University', 'degree_title': 'Bachelor of Science in Computer Science', 'cgpa': '3.9', 'start_date': '01-09-2010', 'completion_date': '31-05-2014'}], 'skills': ['Machine Learning', 'Natural Language Processing', 'Deep Learning', 'Python', 'Data Analysis'], 'interests': ['Chess', 'Hiking', 'Photography', 'Cooking']}"
AI Devloper having 5 year of experience in ai field,"{'job_title': 'AI Developer', 'professional_summary': 'Experienced AI Developer with 5 years of experience in the field. Skilled in developing and implementing AI solutions for various industries.', 'employment_history': [{'job_title': 'AI Developer', 'employer': 'ABC Company', 'start_date': '01-01-2016', 'end_date': '31-12-2020', 'city': 'New York', 'description': 'Developed and implemented AI solutions for clients in various industries, including healthcare and finance.'}, {'job_title': 'AI Engineer', 'employer': 'XYZ Corporation', 'start_date': '01-01-2021', 'end_date': 'present', 'city': 'San Francisco', 'description': 'Responsible for designing and developing AI algorithms and models for client projects. Collaborated with cross-functional teams to deliver successful AI solutions.'}], 'education': [{'university_name': 'University of California, Berkeley', 'degree_title': 'Master of Science in Artificial Intelligence', 'cgpa': '3.8', 'start_date': '01-09-2014', 'completion_date': '31-05-2016'}, {'university_name': 'Stanford University', 'degree_title': 'Bachelor of Science in Computer Science', 'cgpa': '3.9', 'start_date': '01-09-2010', 'completion_date': '31-05-2014'}], 'skills': ['Machine Learning', 'Natural Language Processing', 'Deep Learning', 'Python', 'Data Analysis'], 'interests': ['Chess', 'Hiking', 'Photography', 'Cooking']}"
Network admin with 4 years of experience,"{'job_title': 'Network Administrator', 'professional_summary': 'Experienced network administrator with 4 years of experience in managing and maintaining network infrastructure. Skilled in troubleshooting, implementing security measures, and optimizing network performance.', 'employment_history': [{'job_title': 'Network Administrator', 'employer': 'ABC Company', 'start_date': '01-01-2018', 'end_date': '31-12-2021', 'city': 'New York', 'description': 'Managed and maintained network infrastructure for a large organization. Implemented security measures and optimized network performance.'}, {'job_title': 'Network Technician', 'employer': 'XYZ Corporation', 'start_date': '01-01-2017', 'end_date': '31-12-2018', 'city': 'Los Angeles', 'description': 'Assisted in the installation, configuration, and maintenance of network equipment. Troubleshot network issues and provided technical support to end users.'}], 'education': [{'university_name': 'University of California', 'degree_title': 'Bachelor of Science in Computer Science', 'cgpa': '3.8', 'start_date': '01-09-2013', 'completion_date': '31-05-2017'}, {'university_name': 'Stanford University', 'degree_title': 'Master of Science in Network Engineering', 'cgpa': '4.0', 'start_date': '01-09-2017', 'completion_date': '31-05-2019'}], 'skills': ['Network Troubleshooting', 'Network Security', 'Network Optimization', 'Cisco IOS', 'Firewall Configuration'], 'interests': ['Hiking', 'Photography', 'Cooking', 'Gaming']}"
ai engineer,"{'job_title': 'AI Engineer', 'professional_summary': 'Experienced AI engineer with a strong background in machine learning and data analysis. Skilled in developing and implementing AI solutions to solve complex business problems. Proven track record of delivering high-quality results and driving innovation.', 'employment_history': [{'job_title': 'Machine Learning Engineer', 'employer': 'ABC Company', 'start_date': '01-01-2018', 'end_date': '31-12-2020', 'city': 'New York', 'description': 'Developed and implemented machine learning algorithms to improve data analysis and prediction accuracy. Collaborated with cross-functional teams to identify business needs and provide AI solutions.'}, {'job_title': 'Data Scientist', 'employer': 'XYZ Corporation', 'start_date': '01-01-2016', 'end_date': '31-12-2017', 'city': 'San Francisco', 'description': 'Conducted data analysis and created predictive models to support business decision-making. Utilized various statistical and machine learning techniques to extract insights from large datasets.'}], 'education': [{'university_name': 'University of California, Berkeley', 'degree_title': 'Master of Science in Artificial Intelligence', 'cgpa': '3.8', 'start_date': '01-09-2014', 'completion_date': '31-05-2016'}, {'university_name': 'Stanford University', 'degree_title': 'Bachelor of Science in Computer Science', 'cgpa': '3.9', 'start_date': '01-09-2010', 'completion_date': '31-05-2014'}], 'skills': ['Machine Learning', 'Data Analysis', 'Python', 'Deep Learning', 'Natural Language Processing'], 'interests': ['Chess', 'Hiking', 'Photography', 'Cooking']}"
